"Policy_ID","Account_Name","Occupancy_Type","Construction_Type","Protection_Class","Sprinklered","Building_Age_Years","TIV_Band","Account_Significance","Wind_Hail_Exposure","Flood_Zone","Region","Transaction_Type","Underwriter","Underwriting_Assistant","Submission_Date","Target_Issuance_Date","Actual_Issuance_Date","Policy_Status","Days_Outstanding","Aging_Bucket","Outstanding_Item","Next_Action_Owner","Recommended_Next_Action","Renewal_Date","Attention_Score","Priority","Score_Driver"
"CPU-210001","Foxridge Holdings","Retail/Mercantile","Frame","3","Partial","38","$25M-$50M","Notable","Low","Zone X - Minimal","Midwest","Renewal","L. Marquez","P. Trang","2026-07-31","2026-09-13","","Quoted - Awaiting Response","17","16-30 days","None","Broker/Agent","Follow up with broker on quote decision","2026-10-07","32","Low","Aged 16-30 days outstanding"
"CPU-210002","Ironwood Apartments","Warehouse & Distribution","Joisted Masonry","5","No","18","$25M-$50M","Notable","Moderate","Zone AE - High-Risk","South Central","Endorsement","L. Marquez","B. Ruiz","2026-07-18","2026-08-19","","Issuance In Progress","30","16-30 days","None","Underwriting Assistant","Finalize issuance paperwork","2027-07-18","52","Medium","Target issuance date due within 5 days"
"CPU-210003","Union Grove Distribution Group","Retail/Mercantile","Joisted Masonry","4","Partial","1","$10M-$25M","Standard","Low","Zone A - Moderate","Midwest","Renewal","R. Okafor","C. Feldman","2026-08-06","2026-09-10","","Bound - Pending Issuance","11","11-15 days","None","Underwriting Assistant","Route to issuance / complete policy documents","2026-09-25","23","Low","Routine - no single dominant factor"
"CPU-210004","Millbrook Fabrication","Warehouse & Distribution","Masonry Non-Combustible","9","Yes","52","$1M-$5M","Standard","Low","Zone X - Minimal","Northeast","New Business","D. Whitfield","N. Osei","2026-07-04","2026-08-13","","Issuance In Progress","44","30+ days","None","Underwriting Assistant","Finalize issuance paperwork","2027-07-04","68","High","Overdue vs. target issuance date"
"CPU-210005","Union Grove Realty Partners","Warehouse & Distribution","Frame","6","No","4","$10M-$25M","Standard","Low","Zone A - Moderate","Midwest","Renewal","J. Alvarez","B. Ruiz","2026-08-05","2026-09-03","","In Underwriting Review","12","11-15 days","None","Underwriter","Complete risk assessment and pricing","2026-10-09","30","Low","Next action sits with the underwriter"
"CPU-210006","Meridian Plastics Inc.","Habitational (Multifamily)","Joisted Masonry","3","No","74","$10M-$25M","Standard","Low","Zone A - Moderate","Midwest","Renewal","S. Patel","H. Buckley","2026-08-07","2026-08-22","2026-08-16","Issued","9","6-10 days","None","None","None - closed","2026-10-02","0","N/A","Closed"
"CPU-210007","Grandview Logistics Center","Habitational (Multifamily)","Joisted Masonry","10","Yes","49","$1M-$5M","Standard","High","Zone A - Moderate","West","Endorsement","T. Novak","A. Lindqvist","2026-07-23","2026-08-30","2026-08-16","Issued","24","16-30 days","None","None","None - closed","2027-07-23","0","N/A","Closed"
"CPU-210008","Ironwood Manufacturing","Warehouse & Distribution","Non-Combustible","4","Yes","37","$1M-$5M","Standard","High","Zone VE - Coastal High-Risk","Northeast","New Business","M. Chen","N. Osei","2026-08-01","2026-09-13","2026-08-16","Cancelled/Declined","15","11-15 days","None","None","None - closed","2027-08-01","0","N/A","Closed"
"CPU-210009","Oakhollow Business Park","Retail/Mercantile","Frame","9","Yes","34","$5M-$10M","Standard","Low","Zone X - Minimal","Midwest","Renewal","M. Chen","H. Buckley","2026-08-01","2026-08-28","2026-08-16","Issued","15","11-15 days","None","None","None - closed","2026-09-06","0","N/A","Closed"
"CPU-210010","Lakeshore Hospitality Group","Retail/Mercantile","Modified Fire-Resistive","5","Partial","71","$100M+","Significant","Low","Zone X - Minimal","South Central","New Business","T. Novak","H. Buckley","2026-08-09","2026-09-18","","On Hold - Missing Information","8","6-10 days","4-Point inspection required (roof/HVAC/electrical/plumbing)","Loss Control/Inspector","Order 4-point inspection; hold for results before binding","2027-08-09","43","Medium","Hard blocker: 4-Point inspection required (roof/HVAC/electrical/plumbing)"
"CPU-210011","Cedarpoint Logistics Center","Office","Frame","4","No","30","$1M-$5M","Standard","Low","Zone AE - High-Risk","West","Renewal","K. Sorensen","A. Lindqvist","2026-07-07","2026-07-26","2026-08-01","Issued","25","16-30 days","None","None","None - closed","2026-08-08","0","N/A","Closed"
"CPU-210012","Brightwater Plastics Inc.","Manufacturing/Industrial","Non-Combustible","3","Partial","57","$10M-$25M","Standard","High","Zone AE - High-Risk","Southeast","Renewal","D. Whitfield","A. Lindqvist","2026-07-27","2026-08-19","2026-08-16","Issued","20","16-30 days","None","None","None - closed","2026-08-09","0","N/A","Closed"
"CPU-210013","Meridian Distribution Group","Retail/Mercantile","Joisted Masonry","6","Yes","16","$10M-$25M","Standard","Low","Zone A - Moderate","Northeast","New Business","L. Marquez","P. Trang","2026-07-23","2026-08-08","","In Underwriting Review","25","16-30 days","None","Underwriter","Complete risk assessment and pricing","2027-07-23","67","High","Overdue vs. target issuance date"
"CPU-210014","Union Grove Manufacturing","Warehouse & Distribution","Joisted Masonry","8","No","43","$5M-$10M","Standard","Low","Zone X - Minimal","South Central","Renewal","D. Whitfield","A. Lindqvist","2026-07-25","2026-08-19","","Quoted - Awaiting Response","23","16-30 days","None","Broker/Agent","Follow up with broker on quote decision","2026-10-03","54","Medium","Target issuance date due within 5 days"
"CPU-210015","Crestline Packaging Co.","Warehouse & Distribution","Joisted Masonry","6","Yes","6","$5M-$10M","Standard","Low","Zone X - Minimal","West","Renewal","K. Sorensen","N. Osei","2026-08-05","2026-09-05","2026-08-16","Issued","11","11-15 days","None","None","None - closed","2026-08-17","0","N/A","Closed"
"CPU-210016","Meridian Distribution Group","Manufacturing/Industrial","Non-Combustible","7","Partial","28","$5M-$10M","Standard","High","Zone AE - High-Risk","Southeast","Renewal","M. Chen","P. Trang","2026-07-08","2026-07-27","","On Hold - Missing Information","40","30+ days","4-Point inspection required (roof/HVAC/electrical/plumbing)","Loss Control/Inspector","Order 4-point inspection; hold for results before binding","2026-09-26","95","High","Overdue vs. target issuance date"
"CPU-210017","Summit Self Storage","Retail/Mercantile","Joisted Masonry","6","No","34","$10M-$25M","Standard","Low","Zone X - Minimal","Southeast","Renewal","T. Novak","B. Ruiz","2026-07-10","2026-07-24","","Issuance In Progress","38","30+ days","None","Underwriting Assistant","Finalize issuance paperwork","2026-09-15","68","High","Overdue vs. target issuance date"
"CPU-210018","Brightwater Packaging Co.","Retail/Mercantile","Masonry Non-Combustible","4","Partial","13","$10M-$25M","Standard","Low","Zone X - Minimal","West","Renewal","L. Marquez","B. Ruiz","2026-08-11","2026-09-17","","Issuance In Progress","6","6-10 days","None","Underwriting Assistant","Finalize issuance paperwork","2026-10-11","16","Low","Routine - no single dominant factor"
"CPU-210019","Union Grove Freight Terminal","Habitational (Multifamily)","Modified Fire-Resistive","1","Yes","46","$25M-$50M","Notable","Moderate","Zone A - Moderate","West","Renewal","K. Sorensen","A. Lindqvist","2026-07-15","2026-08-25","","Issuance In Progress","33","30+ days","None","Underwriting Assistant","Finalize issuance paperwork","2026-09-08","50","Medium","Aged 30+ days outstanding"
"CPU-210020","Millbrook Plastics Inc.","Warehouse & Distribution","Joisted Masonry","4","No","1","$5M-$10M","Standard","Low","Zone X - Minimal","South Central","New Business","S. Patel","B. Ruiz","2026-07-12","2026-08-05","2026-08-07","Issued","26","16-30 days","None","None","None - closed","2027-07-12","0","N/A","Closed"
"CPU-210021","Amber Valley Realty Partners","Warehouse & Distribution","Joisted Masonry","4","No","1","$10M-$25M","Standard","Low","Zone X - Minimal","South Central","Renewal","R. Okafor","H. Buckley","2026-07-28","2026-08-31","2026-08-16","Issued","19","16-30 days","None","None","None - closed","2026-09-15","0","N/A","Closed"
"CPU-210022","Bluepoint Realty Partners","Restaurant/Hospitality","Joisted Masonry","6","Partial","48","$10M-$25M","Standard","Low","Zone X - Minimal","Midwest","Renewal","T. Novak","B. Ruiz","2026-08-15","2026-09-18","","On Hold - Missing Information","2","0-5 days","Updated appraisal/valuation needed","Client","Request current replacement-cost valuation","2026-09-01","25","Low","Blocking item: Updated appraisal/valuation needed"
"CPU-210023","Cascade Realty Partners","Office","Fire-Resistive","3","Yes","50","$100M+","Significant","Low","Zone X - Minimal","Midwest","Renewal","M. Chen","A. Lindqvist","2026-08-14","2026-08-28","","Issuance In Progress","3","0-5 days","None","Underwriting Assistant","Finalize issuance paperwork","2026-08-23","20","Low","Target issuance date approaching"
"CPU-210024","Foxridge Hospitality Group","Warehouse & Distribution","Joisted Masonry","6","Yes","75","$1M-$5M","Standard","Moderate","Zone X - Minimal","South Central","New Business","J. Alvarez","B. Ruiz","2026-08-03","2026-08-24","","Quoted - Awaiting Response","14","11-15 days","None","Broker/Agent","Follow up with broker on quote decision","2027-08-03","37","Medium","Target issuance date approaching"
"CPU-210025","Crestline Distribution Group","Habitational (Multifamily)","Joisted Masonry","6","Partial","20","$5M-$10M","Standard","Low","Zone A - Moderate","Midwest","Endorsement","D. Whitfield","P. Trang","2026-08-12","2026-09-12","2026-08-16","Issued","4","0-5 days","None","None","None - closed","2027-08-12","0","N/A","Closed"
"CPU-210026","Meridian Storage Solutions","Restaurant/Hospitality","Frame","10","No","60","$5M-$10M","Standard","Low","Zone X - Minimal","South Central","Endorsement","D. Whitfield","P. Trang","2026-07-13","2026-08-18","","Issuance In Progress","35","30+ days","Updated appraisal/valuation needed","Client","Request current replacement-cost valuation","2027-07-13","77","High","Target issuance date due within 5 days"
"CPU-210027","Ironwood Self Storage","Manufacturing/Industrial","Joisted Masonry","3","Yes","60","$1M-$5M","Standard","High","Zone AE - High-Risk","Northeast","New Business","L. Marquez","C. Feldman","2026-08-07","2026-09-07","","Bound - Pending Issuance","10","6-10 days","Payment / down payment pending","Client","Follow up on down payment to release policy","2027-08-07","24","Low","Routine - no single dominant factor"
"CPU-210028","Harborview Self Storage","Habitational (Multifamily)","Joisted Masonry","3","Yes","11","$25M-$50M","Notable","Low","Zone X - Minimal","West","Endorsement","L. Marquez","C. Feldman","2026-07-28","2026-09-06","","On Hold - Missing Information","20","16-30 days","Wind mitigation report pending","Broker/Agent","Request wind mitigation inspection report for credit eligibility","2027-07-28","57","Medium","Hard blocker: Wind mitigation report pending"
"CPU-210029","Lakeshore Cold Storage","Restaurant/Hospitality","Non-Combustible","5","Yes","20","$5M-$10M","Standard","High","Zone AE - High-Risk","Southeast","Endorsement","K. Sorensen","B. Ruiz","2026-08-04","2026-08-24","","Bound - Pending Issuance","13","11-15 days","4-Point inspection required (roof/HVAC/electrical/plumbing)","Loss Control/Inspector","Order 4-point inspection; hold for results before binding","2027-08-04","62","Medium","Hard blocker: 4-Point inspection required (roof/HVAC/electrical/plumbing)"
"CPU-210030","Northgate Retail Center","Manufacturing/Industrial","Frame","9","Partial","60","$25M-$50M","Notable","Low","Zone X - Minimal","Southeast","Renewal","R. Okafor","C. Feldman","2026-08-09","2026-08-30","2026-08-16","Issued","7","6-10 days","None","None","None - closed","2026-10-14","0","N/A","Closed"
"CPU-210031","Ironwood Logistics Center","Self-Storage","Frame","4","Yes","60","$5M-$10M","Standard","Moderate","Zone A - Moderate","South Central","Endorsement","M. Chen","P. Trang","2026-07-24","2026-08-18","2026-08-16","Issued","23","16-30 days","None","None","None - closed","2027-07-24","0","N/A","Closed"
"CPU-210032","Cedarpoint Apartments","Habitational (Multifamily)","Joisted Masonry","3","No","31","$25M-$50M","Notable","Low","Zone A - Moderate","Midwest","Renewal","M. Chen","C. Feldman","2026-08-13","2026-08-29","2026-08-16","Issued","3","0-5 days","None","None","None - closed","2026-09-19","0","N/A","Closed"
"CPU-210033","Timberline Storage Solutions","Retail/Mercantile","Joisted Masonry","10","Partial","69","$1M-$5M","Standard","Low","Zone X - Minimal","Midwest","Endorsement","D. Whitfield","P. Trang","2026-08-03","2026-09-01","","Bound - Pending Issuance","14","11-15 days","None","Underwriting Assistant","Route to issuance / complete policy documents","2027-08-03","35","Medium","Target issuance date approaching"
"CPU-210034","Amber Valley Cold Storage","Retail/Mercantile","Frame","5","Partial","37","$5M-$10M","Standard","Low","Zone X - Minimal","Northeast","New Business","J. Alvarez","N. Osei","2026-08-08","2026-08-30","","In Underwriting Review","9","6-10 days","None","Underwriter","Complete risk assessment and pricing","2027-08-08","35","Medium","Target issuance date approaching"
"CPU-210035","Union Grove Plastics Inc.","Self-Storage","Joisted Masonry","1","Yes","48","$1M-$5M","Standard","Low","Zone X - Minimal","Midwest","Renewal","J. Alvarez","P. Trang","2026-08-15","2026-09-12","","In Underwriting Review","2","0-5 days","Roof condition documentation pending","Broker/Agent","Request roof certification / condition report","2026-09-10","25","Low","Blocking item: Roof condition documentation pending"
"CPU-210036","Northgate Properties","Warehouse & Distribution","Frame","3","Yes","80","$5M-$10M","Standard","Moderate","Zone X - Minimal","South Central","New Business","M. Chen","A. Lindqvist","2026-07-18","2026-08-06","","In Underwriting Review","30","16-30 days","None","Underwriter","Complete risk assessment and pricing","2027-07-18","67","High","Overdue vs. target issuance date"
"CPU-210037","Northgate Realty Partners","Manufacturing/Industrial","Frame","5","Yes","71","$5M-$10M","Standard","Low","Zone A - Moderate","West","Endorsement","L. Marquez","C. Feldman","2026-08-13","2026-09-05","","Submitted - Awaiting Review","4","0-5 days","None","Underwriter","Assign for initial underwriting review","2027-08-13","15","Low","Next action sits with the underwriter"
"CPU-210038","Foxridge Plastics Inc.","Manufacturing/Industrial","Joisted Masonry","6","No","4","$5M-$10M","Standard","Moderate","Zone X - Minimal","Midwest","New Business","T. Novak","A. Lindqvist","2026-07-10","2026-07-27","2026-07-25","Issued","15","11-15 days","None","None","None - closed","2027-07-10","0","N/A","Closed"
"CPU-210039","Foxridge Metal Works","Warehouse & Distribution","Joisted Masonry","3","Yes","28","$50M-$100M","Significant","Low","Zone X - Minimal","Northeast","Endorsement","S. Patel","B. Ruiz","2026-08-09","2026-09-10","2026-08-16","Issued","7","6-10 days","None","None","None - closed","2027-08-09","0","N/A","Closed"
"CPU-210040","Cascade Metal Works","Habitational (Multifamily)","Joisted Masonry","5","Yes","78","$25M-$50M","Notable","High","Zone X - Minimal","West","Endorsement","L. Marquez","P. Trang","2026-08-13","2026-09-15","","Bound - Pending Issuance","4","0-5 days","None","Underwriting Assistant","Route to issuance / complete policy documents","2027-08-13","8","Low","Routine - no single dominant factor"
"CPU-210041","Fairview Hospitality Group","Warehouse & Distribution","Modified Fire-Resistive","10","Partial","49","$100M+","Significant","Low","Zone X - Minimal","Midwest","Renewal","S. Patel","H. Buckley","2026-08-11","2026-09-24","2026-08-16","Issued","5","0-5 days","None","None","None - closed","2026-08-07","0","N/A","Closed"
"CPU-210042","Lakeshore Holdings","Office","Non-Combustible","9","Partial","43","$50M-$100M","Significant","High","Zone VE - Coastal High-Risk","Southeast","Endorsement","M. Chen","C. Feldman","2026-07-28","2026-09-06","2026-08-16","Issued","19","16-30 days","None","None","None - closed","2027-07-28","0","N/A","Closed"
"CPU-210043","Northgate Freight Terminal","Manufacturing/Industrial","Fire-Resistive","2","Yes","20","$1M-$5M","Standard","Moderate","Zone A - Moderate","Northeast","Endorsement","L. Marquez","P. Trang","2026-08-15","2026-09-18","","On Hold - Missing Information","2","0-5 days","Updated appraisal/valuation needed","Client","Request current replacement-cost valuation","2027-08-15","25","Low","Blocking item: Updated appraisal/valuation needed"
"CPU-210044","Summit Storage Solutions","Retail/Mercantile","Joisted Masonry","2","Partial","10","$50M-$100M","Significant","High","Zone VE - Coastal High-Risk","Northeast","New Business","J. Alvarez","B. Ruiz","2026-08-10","2026-09-08","","Issuance In Progress","7","6-10 days","Wind mitigation report pending","Broker/Agent","Request wind mitigation inspection report for credit eligibility","2027-08-10","43","Medium","Hard blocker: Wind mitigation report pending"
"CPU-210045","Ironwood Cold Storage","Warehouse & Distribution","Non-Combustible","6","No","77","$10M-$25M","Standard","Low","Zone X - Minimal","West","Renewal","S. Patel","A. Lindqvist","2026-07-14","2026-08-23","2026-08-16","Cancelled/Declined","33","30+ days","None","None","None - closed","2026-09-13","0","N/A","Closed"
"CPU-210046","Amber Valley Logistics Center","Self-Storage","Frame","5","No","69","$5M-$10M","Standard","Moderate","Zone X - Minimal","West","New Business","L. Marquez","A. Lindqvist","2026-07-16","2026-08-21","","Bound - Pending Issuance","32","30+ days","None","Underwriting Assistant","Route to issuance / complete policy documents","2027-07-16","60","Medium","Target issuance date due within 5 days"
"CPU-210047","Bluepoint Hospitality Group","Manufacturing/Industrial","Modified Fire-Resistive","4","Partial","65","$5M-$10M","Standard","Low","Zone X - Minimal","Midwest","New Business","K. Sorensen","P. Trang","2026-07-31","2026-08-29","","In Underwriting Review","17","16-30 days","Statement of Values (SOV) incomplete","Broker/Agent","Request updated Statement of Values from broker","2027-07-31","69","High","Hard blocker: Statement of Values (SOV) incomplete"
"CPU-210048","Amber Valley Hospitality Group","Warehouse & Distribution","Masonry Non-Combustible","3","Yes","22","$5M-$10M","Standard","Low","Zone X - Minimal","Northeast","New Business","M. Chen","A. Lindqvist","2026-07-05","2026-08-15","2026-08-15","Issued","41","30+ days","None","None","None - closed","2027-07-05","0","N/A","Closed"
"CPU-210049","Summit Freight Terminal","Habitational (Multifamily)","Modified Fire-Resistive","6","Yes","48","$5M-$10M","Standard","Low","Zone X - Minimal","Midwest","New Business","T. Novak","C. Feldman","2026-07-09","2026-07-27","","Submitted - Awaiting Review","39","30+ days","None","Underwriter","Assign for initial underwriting review","2027-07-09","75","High","Overdue vs. target issuance date"
"CPU-210050","Prairie Bend Realty Partners","Manufacturing/Industrial","Joisted Masonry","7","Yes","49","$50M-$100M","Significant","Low","Zone A - Moderate","South Central","Renewal","T. Novak","B. Ruiz","2026-07-16","2026-08-10","","Bound - Pending Issuance","32","30+ days","None","Underwriting Assistant","Route to issuance / complete policy documents","2026-10-10","68","High","Overdue vs. target issuance date"
"CPU-210051","Cedarpoint Properties","Retail/Mercantile","Masonry Non-Combustible","3","No","67","$25M-$50M","Notable","Low","Zone A - Moderate","West","Renewal","M. Chen","P. Trang","2026-07-29","2026-08-24","","Issuance In Progress","19","16-30 days","None","Underwriting Assistant","Finalize issuance paperwork","2026-09-15","42","Medium","Aged 16-30 days outstanding"
"CPU-210052","Wrenfield Properties","Office","Non-Combustible","4","Yes","43","$5M-$10M","Standard","Low","Zone X - Minimal","South Central","Endorsement","L. Marquez","A. Lindqvist","2026-07-25","2026-09-07","","Quoted - Awaiting Response","23","16-30 days","Roof condition documentation pending","Broker/Agent","Request roof certification / condition report","2027-07-25","47","Medium","Aged 16-30 days outstanding"
"CPU-210053","Cascade Business Park","Retail/Mercantile","Masonry Non-Combustible","6","No","77","$1M-$5M","Standard","Moderate","Zone AE - High-Risk","Southeast","Endorsement","J. Alvarez","B. Ruiz","2026-08-07","2026-09-09","","In Underwriting Review","10","6-10 days","4-Point inspection required (roof/HVAC/electrical/plumbing)","Loss Control/Inspector","Order 4-point inspection; hold for results before binding","2027-08-07","43","Medium","Hard blocker: 4-Point inspection required (roof/HVAC/electrical/plumbing)"
"CPU-210054","Summit Industries","Warehouse & Distribution","Joisted Masonry","8","Yes","31","$10M-$25M","Standard","Low","Zone X - Minimal","West","New Business","K. Sorensen","N. Osei","2026-07-11","2026-07-25","2026-07-27","Issued","16","16-30 days","None","None","None - closed","2027-07-11","0","N/A","Closed"
"CPU-210055","Stonebridge Manufacturing","Retail/Mercantile","Non-Combustible","4","Yes","17","$1M-$5M","Standard","Low","Zone X - Minimal","Southeast","Renewal","R. Okafor","B. Ruiz","2026-08-05","2026-09-02","2026-08-16","Issued","11","11-15 days","None","None","None - closed","2026-09-21","0","N/A","Closed"
"CPU-210056","Bluepoint Freight Terminal","Retail/Mercantile","Masonry Non-Combustible","4","Partial","29","$1M-$5M","Standard","Low","Zone X - Minimal","Southeast","Renewal","T. Novak","P. Trang","2026-07-15","2026-08-20","","Issuance In Progress","33","30+ days","None","Underwriting Assistant","Finalize issuance paperwork","2026-08-10","60","Medium","Target issuance date due within 5 days"
"CPU-210057","Union Grove Storage Solutions","Manufacturing/Industrial","Frame","4","Yes","42","$10M-$25M","Standard","Low","Zone A - Moderate","West","Renewal","R. Okafor","C. Feldman","2026-07-09","2026-07-23","2026-07-24","Issued","15","11-15 days","None","None","None - closed","2026-08-07","0","N/A","Closed"
"CPU-210058","Prairie Bend Properties","Habitational (Multifamily)","Masonry Non-Combustible","6","Yes","49","$10M-$25M","Standard","Low","Zone X - Minimal","South Central","New Business","D. Whitfield","B. Ruiz","2026-07-19","2026-08-04","","In Underwriting Review","29","16-30 days","None","Underwriter","Complete risk assessment and pricing","2027-07-19","67","High","Overdue vs. target issuance date"
"CPU-210059","Timberline Hospitality Group","Manufacturing/Industrial","Joisted Masonry","2","Partial","70","$5M-$10M","Standard","Low","Zone A - Moderate","Midwest","Endorsement","J. Alvarez","A. Lindqvist","2026-08-03","2026-08-23","2026-08-16","Issued","13","11-15 days","None","None","None - closed","2027-08-03","0","N/A","Closed"
"CPU-210060","Northgate Logistics Center","Manufacturing/Industrial","Non-Combustible","10","Yes","18","$25M-$50M","Notable","Low","Zone X - Minimal","Southeast","New Business","L. Marquez","B. Ruiz","2026-07-16","2026-08-26","","Quoted - Awaiting Response","32","30+ days","Payment / down payment pending","Client","Follow up on down payment to release policy","2027-07-16","58","Medium","Aged 30+ days outstanding"
"CPU-210061","Crestline Plaza","Habitational (Multifamily)","Non-Combustible","6","Yes","37","$5M-$10M","Standard","Low","Zone X - Minimal","Midwest","New Business","M. Chen","C. Feldman","2026-08-01","2026-08-27","","In Underwriting Review","16","16-30 days","None","Underwriter","Complete risk assessment and pricing","2027-08-01","49","Medium","Aged 16-30 days outstanding"
"CPU-210062","Cedarpoint Cold Storage","Office","Non-Combustible","5","No","76","$10M-$25M","Standard","Low","Zone X - Minimal","Midwest","Renewal","K. Sorensen","B. Ruiz","2026-07-30","2026-08-27","","Bound - Pending Issuance","18","16-30 days","Roof condition documentation pending","Broker/Agent","Request roof certification / condition report","2026-09-18","59","Medium","Aged 16-30 days outstanding"
"CPU-210063","Amber Valley Fabrication","Warehouse & Distribution","Masonry Non-Combustible","4","Yes","7","$5M-$10M","Standard","Low","Zone X - Minimal","Northeast","New Business","M. Chen","C. Feldman","2026-08-16","2026-09-06","2026-08-16","Issued","0","0-5 days","None","None","None - closed","2027-08-16","0","N/A","Closed"
"CPU-210064","Harborview Metal Works","Manufacturing/Industrial","Joisted Masonry","2","No","15","$5M-$10M","Standard","Low","Zone X - Minimal","Northeast","New Business","J. Alvarez","H. Buckley","2026-07-26","2026-09-05","","Bound - Pending Issuance","22","16-30 days","None","Underwriting Assistant","Route to issuance / complete policy documents","2027-07-26","30","Low","Aged 16-30 days outstanding"
"CPU-210065","Ironwood Industries","Warehouse & Distribution","Joisted Masonry","4","Yes","24","$10M-$25M","Standard","Low","Zone AE - High-Risk","South Central","Renewal","J. Alvarez","P. Trang","2026-07-12","2026-08-23","","Bound - Pending Issuance","36","30+ days","Elevation certificate needed (flood zone)","Broker/Agent","Request elevation certificate from insured/broker","2026-08-24","77","High","Hard blocker: Elevation certificate needed (flood zone)"
"CPU-210066","Harborview Industries","Retail/Mercantile","Frame","3","No","7","$10M-$25M","Standard","Moderate","Zone A - Moderate","South Central","Renewal","T. Novak","A. Lindqvist","2026-07-25","2026-08-13","2026-08-11","Issued","17","16-30 days","None","None","None - closed","2026-10-07","0","N/A","Closed"
"CPU-210067","Lakeshore Plastics Inc.","Retail/Mercantile","Frame","4","Yes","49","$25M-$50M","Notable","High","Zone AE - High-Risk","South Central","New Business","D. Whitfield","B. Ruiz","2026-07-14","2026-08-05","2026-08-04","Issued","21","16-30 days","None","None","None - closed","2027-07-14","0","N/A","Closed"
"CPU-210068","Meridian Properties","Warehouse & Distribution","Non-Combustible","10","Yes","27","$5M-$10M","Standard","Low","Zone X - Minimal","South Central","Endorsement","T. Novak","B. Ruiz","2026-08-12","2026-08-27","","Issuance In Progress","5","0-5 days","None","Underwriting Assistant","Finalize issuance paperwork","2027-08-12","20","Low","Target issuance date approaching"
"CPU-210069","Brightwater Self Storage","Manufacturing/Industrial","Modified Fire-Resistive","10","No","7","$5M-$10M","Standard","Low","Zone X - Minimal","Southeast","Renewal","T. Novak","N. Osei","2026-07-26","2026-08-31","2026-08-16","Issued","21","16-30 days","None","None","None - closed","2026-08-27","0","N/A","Closed"
"CPU-210070","Lakeshore Storage Solutions","Warehouse & Distribution","Non-Combustible","3","Partial","56","$5M-$10M","Standard","Low","Zone X - Minimal","Midwest","New Business","J. Alvarez","C. Feldman","2026-08-05","2026-09-18","","Bound - Pending Issuance","12","11-15 days","None","Underwriting Assistant","Route to issuance / complete policy documents","2027-08-05","23","Low","Routine - no single dominant factor"
"CPU-210071","Fairview Business Park","Manufacturing/Industrial","Modified Fire-Resistive","6","Partial","2","$50M-$100M","Significant","Low","Zone X - Minimal","South Central","Endorsement","D. Whitfield","N. Osei","2026-08-07","2026-09-04","","Issuance In Progress","10","6-10 days","None","Underwriting Assistant","Finalize issuance paperwork","2027-08-07","16","Low","Routine - no single dominant factor"
"CPU-210072","Fairview Logistics Center","Habitational (Multifamily)","Masonry Non-Combustible","10","Yes","18","$1M-$5M","Standard","Low","Zone X - Minimal","Northeast","New Business","S. Patel","P. Trang","2026-07-31","2026-08-28","2026-08-16","Issued","16","16-30 days","None","None","None - closed","2027-07-31","0","N/A","Closed"
"CPU-210073","Stonebridge Storage Solutions","Office","Frame","5","Yes","32","$50M-$100M","Significant","Low","Zone A - Moderate","South Central","Renewal","T. Novak","A. Lindqvist","2026-08-01","2026-09-01","","Quoted - Awaiting Response","16","16-30 days","None","Broker/Agent","Follow up with broker on quote decision","2026-09-12","44","Medium","Aged 16-30 days outstanding"
"CPU-210074","Millbrook Cold Storage","Habitational (Multifamily)","Modified Fire-Resistive","5","No","59","$1M-$5M","Standard","Low","Zone X - Minimal","West","Renewal","L. Marquez","A. Lindqvist","2026-07-08","2026-08-20","2026-08-16","Issued","39","30+ days","None","None","None - closed","2026-09-24","0","N/A","Closed"
"CPU-210075","Cascade Hospitality Group","Self-Storage","Fire-Resistive","6","Yes","63","$5M-$10M","Standard","Moderate","Zone X - Minimal","South Central","Renewal","T. Novak","A. Lindqvist","2026-08-03","2026-08-20","2026-08-16","Issued","13","11-15 days","None","None","None - closed","2026-10-04","0","N/A","Closed"
"CPU-210076","Oakhollow Holdings","Warehouse & Distribution","Non-Combustible","5","Yes","11","$25M-$50M","Notable","Low","Zone X - Minimal","Midwest","New Business","K. Sorensen","H. Buckley","2026-07-08","2026-07-29","2026-08-06","Issued","29","16-30 days","None","None","None - closed","2027-07-08","0","N/A","Closed"
"CPU-210077","Prairie Bend Holdings","Habitational (Multifamily)","Non-Combustible","5","No","57","$10M-$25M","Standard","Low","Zone X - Minimal","South Central","Endorsement","T. Novak","P. Trang","2026-07-16","2026-08-09","","Quoted - Awaiting Response","32","30+ days","None","Broker/Agent","Follow up with broker on quote decision","2027-07-16","70","High","Overdue vs. target issuance date"
"CPU-210078","Wrenfield Holdings","Manufacturing/Industrial","Frame","6","Yes","69","$10M-$25M","Standard","Low","Zone A - Moderate","Northeast","New Business","D. Whitfield","N. Osei","2026-07-31","2026-09-02","","Issuance In Progress","17","16-30 days","None","Underwriting Assistant","Finalize issuance paperwork","2027-07-31","30","Low","Aged 16-30 days outstanding"
"CPU-210079","Northgate Holdings","Warehouse & Distribution","Masonry Non-Combustible","8","Yes","46","$1M-$5M","Standard","Low","Zone X - Minimal","West","Renewal","R. Okafor","A. Lindqvist","2026-08-12","2026-09-12","","Bound - Pending Issuance","5","0-5 days","4-Point inspection required (roof/HVAC/electrical/plumbing)","Loss Control/Inspector","Order 4-point inspection; hold for results before binding","2026-09-20","35","Medium","Hard blocker: 4-Point inspection required (roof/HVAC/electrical/plumbing)"
"CPU-210080","Crestline Realty Partners","Warehouse & Distribution","Fire-Resistive","7","Partial","64","$50M-$100M","Significant","Low","Zone X - Minimal","West","Renewal","R. Okafor","C. Feldman","2026-07-28","2026-09-03","","On Hold - Missing Information","20","16-30 days","Loss control inspection pending","Loss Control/Inspector","Follow up with loss control on inspection scheduling","2026-08-17","57","Medium","Hard blocker: Loss control inspection pending"
"CPU-210081","Northgate Retail Center","Restaurant/Hospitality","Fire-Resistive","7","Yes","34","$50M-$100M","Significant","Low","Zone A - Moderate","Midwest","Renewal","J. Alvarez","A. Lindqvist","2026-07-13","2026-08-24","2026-08-16","Issued","34","30+ days","None","None","None - closed","2026-08-09","0","N/A","Closed"
"CPU-210082","Timberline Fabrication","Self-Storage","Frame","6","Yes","60","$5M-$10M","Standard","Low","Zone X - Minimal","West","Endorsement","T. Novak","B. Ruiz","2026-08-15","2026-09-17","","In Underwriting Review","2","0-5 days","None","Underwriter","Complete risk assessment and pricing","2027-08-15","15","Low","Next action sits with the underwriter"
"CPU-210083","Meridian Distribution Group","Manufacturing/Industrial","Joisted Masonry","5","No","49","$10M-$25M","Standard","Low","Zone A - Moderate","Northeast","Renewal","M. Chen","N. Osei","2026-07-08","2026-08-17","2026-08-16","Issued","39","30+ days","None","None","None - closed","2026-09-11","0","N/A","Closed"
"CPU-210084","Lakeshore Packaging Co.","Warehouse & Distribution","Frame","5","Yes","11","$5M-$10M","Standard","Low","Zone X - Minimal","Midwest","Renewal","L. Marquez","C. Feldman","2026-07-17","2026-08-22","2026-08-16","Issued","30","16-30 days","None","None","None - closed","2026-08-07","0","N/A","Closed"
"CPU-210085","Meridian Plastics Inc.","Manufacturing/Industrial","Masonry Non-Combustible","3","No","66","$5M-$10M","Standard","Low","Zone X - Minimal","Midwest","New Business","S. Patel","N. Osei","2026-08-09","2026-09-14","2026-08-16","Issued","7","6-10 days","None","None","None - closed","2027-08-09","0","N/A","Closed"
"CPU-210086","Grandview Cold Storage","Self-Storage","Non-Combustible","10","Yes","12","$10M-$25M","Standard","Low","Zone X - Minimal","Northeast","Renewal","T. Novak","N. Osei","2026-08-05","2026-08-25","","Quoted - Awaiting Response","12","11-15 days","None","Broker/Agent","Follow up with broker on quote decision","2026-09-17","37","Medium","Target issuance date approaching"
"CPU-210087","Brightwater Retail Center","Restaurant/Hospitality","Non-Combustible","1","Yes","1","$5M-$10M","Standard","Low","Zone X - Minimal","West","Renewal","R. Okafor","H. Buckley","2026-07-25","2026-08-22","","In Underwriting Review","23","16-30 days","None","Underwriter","Complete risk assessment and pricing","2026-10-09","59","Medium","Target issuance date due within 5 days"
"CPU-210088","Ironwood Industries","Warehouse & Distribution","Frame","5","No","11","$25M-$50M","Notable","Low","Zone X - Minimal","Midwest","Renewal","T. Novak","A. Lindqvist","2026-08-01","2026-08-15","","In Underwriting Review","16","16-30 days","None","Underwriter","Complete risk assessment and pricing","2026-09-16","67","High","Overdue vs. target issuance date"
"CPU-210089","Crestline Retail Center","Habitational (Multifamily)","Frame","9","Yes","3","$5M-$10M","Standard","Low","Zone X - Minimal","Northeast","Renewal","R. Okafor","B. Ruiz","2026-07-23","2026-09-03","","Issuance In Progress","25","16-30 days","Elevation certificate needed (flood zone)","Broker/Agent","Request elevation certificate from insured/broker","2026-10-09","57","Medium","Hard blocker: Elevation certificate needed (flood zone)"
"CPU-210090","Timberline Packaging Co.","Restaurant/Hospitality","Masonry Non-Combustible","3","No","27","$10M-$25M","Standard","Low","Zone X - Minimal","Northeast","Renewal","T. Novak","P. Trang","2026-07-08","2026-07-31","2026-08-03","Issued","26","16-30 days","None","None","None - closed","2026-09-02","0","N/A","Closed"
"CPU-210091","Millbrook Plaza","Manufacturing/Industrial","Modified Fire-Resistive","4","Yes","19","$100M+","Significant","Moderate","Zone A - Moderate","South Central","Renewal","S. Patel","P. Trang","2026-07-10","2026-08-13","","Bound - Pending Issuance","38","30+ days","Updated appraisal/valuation needed","Client","Request current replacement-cost valuation","2026-08-25","85","High","Overdue vs. target issuance date"
"CPU-210092","Crestline Manufacturing","Warehouse & Distribution","Joisted Masonry","6","No","42","$25M-$50M","Notable","Low","Zone A - Moderate","Northeast","Renewal","J. Alvarez","P. Trang","2026-07-13","2026-08-01","2026-08-03","Issued","21","16-30 days","None","None","None - closed","2026-09-01","0","N/A","Closed"
"CPU-210093","Grandview Metal Works","Manufacturing/Industrial","Frame","6","Yes","64","$1M-$5M","Standard","Low","Zone X - Minimal","Northeast","New Business","T. Novak","A. Lindqvist","2026-07-29","2026-09-03","","Issuance In Progress","19","16-30 days","4-Point inspection required (roof/HVAC/electrical/plumbing)","Loss Control/Inspector","Order 4-point inspection; hold for results before binding","2027-07-29","57","Medium","Hard blocker: 4-Point inspection required (roof/HVAC/electrical/plumbing)"
"CPU-210094","Amber Valley Freight Terminal","Office","Non-Combustible","8","Yes","17","$5M-$10M","Standard","Low","Zone X - Minimal","West","Renewal","L. Marquez","N. Osei","2026-08-01","2026-08-26","","Bound - Pending Issuance","16","16-30 days","Payment / down payment pending","Client","Follow up on down payment to release policy","2026-10-02","50","Medium","Aged 16-30 days outstanding"
"CPU-210095","Foxridge Plaza","Habitational (Multifamily)","Frame","4","Yes","22","$25M-$50M","Notable","Low","Zone X - Minimal","Southeast","Renewal","D. Whitfield","C. Feldman","2026-07-19","2026-08-22","","Submitted - Awaiting Review","29","16-30 days","Broker confirmation of sprinkler/protective safeguards","Broker/Agent","Confirm protective safeguards with broker before binding","2026-09-15","69","High","Target issuance date due within 5 days"
"CPU-210096","Foxridge Self Storage","Habitational (Multifamily)","Frame","3","Yes","13","$50M-$100M","Significant","Moderate","Zone X - Minimal","Southeast","Renewal","R. Okafor","B. Ruiz","2026-07-25","2026-08-31","","Issuance In Progress","23","16-30 days","None","Underwriting Assistant","Finalize issuance paperwork","2026-10-11","42","Medium","Aged 16-30 days outstanding"
"CPU-210097","Amber Valley Properties","Retail/Mercantile","Masonry Non-Combustible","9","No","4","$1M-$5M","Standard","Moderate","Zone X - Minimal","South Central","Endorsement","T. Novak","B. Ruiz","2026-08-06","2026-09-17","","On Hold - Missing Information","11","11-15 days","Elevation certificate needed (flood zone)","Broker/Agent","Request elevation certificate from insured/broker","2027-08-06","50","Medium","Hard blocker: Elevation certificate needed (flood zone)"
"CPU-210098","Northgate Fabrication","Warehouse & Distribution","Frame","1","Yes","34","$50M-$100M","Significant","Low","Zone X - Minimal","Midwest","Renewal","L. Marquez","B. Ruiz","2026-08-15","2026-09-12","2026-08-16","Cancelled/Declined","1","0-5 days","None","None","None - closed","2026-08-11","0","N/A","Closed"
"CPU-210099","Grandview Hospitality Group","Manufacturing/Industrial","Joisted Masonry","4","No","58","$1M-$5M","Standard","Moderate","Zone X - Minimal","West","New Business","J. Alvarez","H. Buckley","2026-07-25","2026-08-13","","On Hold - Missing Information","23","16-30 days","Wind mitigation report pending","Broker/Agent","Request wind mitigation inspection report for credit eligibility","2027-07-25","87","High","Overdue vs. target issuance date"
"CPU-210100","Union Grove Storage Solutions","Retail/Mercantile","Non-Combustible","4","No","76","$5M-$10M","Standard","Moderate","Zone AE - High-Risk","West","Renewal","K. Sorensen","P. Trang","2026-08-06","2026-09-15","","Bound - Pending Issuance","11","11-15 days","None","Underwriting Assistant","Route to issuance / complete policy documents","2026-08-15","23","Low","Routine - no single dominant factor"
"CPU-210101","Lakeshore Retail Center","Restaurant/Hospitality","Joisted Masonry","2","Yes","8","$1M-$5M","Standard","Low","Zone X - Minimal","West","Renewal","J. Alvarez","P. Trang","2026-07-28","2026-09-05","2026-08-16","Issued","19","16-30 days","None","None","None - closed","2026-08-11","0","N/A","Closed"
"CPU-210102","Cascade Apartments","Retail/Mercantile","Modified Fire-Resistive","5","No","3","$25M-$50M","Notable","Low","Zone X - Minimal","Midwest","Renewal","L. Marquez","N. Osei","2026-08-11","2026-09-17","2026-08-16","Issued","5","0-5 days","None","None","None - closed","2026-10-11","0","N/A","Closed"
"CPU-210103","Meridian Apartments","Office","Masonry Non-Combustible","7","Yes","38","$1M-$5M","Standard","High","Zone AE - High-Risk","South Central","Renewal","D. Whitfield","N. Osei","2026-07-22","2026-08-08","","Submitted - Awaiting Review","26","16-30 days","Elevation certificate needed (flood zone)","Broker/Agent","Request elevation certificate from insured/broker","2026-09-22","87","High","Overdue vs. target issuance date"
"CPU-210104","Millbrook Self Storage","Manufacturing/Industrial","Fire-Resistive","2","Yes","10","$1M-$5M","Standard","Low","Zone X - Minimal","Southeast","Renewal","M. Chen","B. Ruiz","2026-07-11","2026-08-01","","On Hold - Missing Information","37","30+ days","Signed application pending","Broker/Agent","Follow up with broker for signed application","2026-09-17","85","High","Overdue vs. target issuance date"
"CPU-210105","Grandview Plaza","Retail/Mercantile","Joisted Masonry","5","Partial","42","$50M-$100M","Significant","Low","Zone X - Minimal","Midwest","Renewal","D. Whitfield","N. Osei","2026-07-14","2026-08-03","2026-08-08","Issued","25","16-30 days","None","None","None - closed","2026-09-09","0","N/A","Closed"
"CPU-210106","Cedarpoint Hospitality Group","Manufacturing/Industrial","Modified Fire-Resistive","6","Yes","51","$50M-$100M","Significant","Moderate","Zone AE - High-Risk","Midwest","New Business","J. Alvarez","C. Feldman","2026-07-17","2026-08-27","","Bound - Pending Issuance","31","30+ days","None","Underwriting Assistant","Route to issuance / complete policy documents","2027-07-17","50","Medium","Aged 30+ days outstanding"
"CPU-210107","Oakhollow Plastics Inc.","Self-Storage","Modified Fire-Resistive","3","Yes","64","$10M-$25M","Standard","Low","Zone A - Moderate","Northeast","Renewal","M. Chen","B. Ruiz","2026-07-23","2026-08-17","","Quoted - Awaiting Response","25","16-30 days","None","Broker/Agent","Follow up with broker on quote decision","2026-08-13","54","Medium","Target issuance date due within 5 days"
"CPU-210108","Harborview Freight Terminal","Restaurant/Hospitality","Frame","3","Yes","49","$10M-$25M","Standard","High","Zone A - Moderate","Northeast","Endorsement","D. Whitfield","P. Trang","2026-08-10","2026-09-03","","Submitted - Awaiting Review","7","6-10 days","4-Point inspection required (roof/HVAC/electrical/plumbing)","Loss Control/Inspector","Order 4-point inspection; hold for results before binding","2027-08-10","43","Medium","Hard blocker: 4-Point inspection required (roof/HVAC/electrical/plumbing)"
"CPU-210109","Prairie Bend Cold Storage","Restaurant/Hospitality","Non-Combustible","10","Yes","42","$25M-$50M","Notable","High","Zone AE - High-Risk","South Central","Renewal","L. Marquez","A. Lindqvist","2026-08-10","2026-09-14","","Issuance In Progress","7","6-10 days","None","Underwriting Assistant","Finalize issuance paperwork","2026-08-25","16","Low","Routine - no single dominant factor"
"CPU-210110","Summit Fabrication","Self-Storage","Non-Combustible","4","Yes","21","$25M-$50M","Notable","Moderate","Zone X - Minimal","Southeast","New Business","M. Chen","N. Osei","2026-08-16","2026-09-17","","Quoted - Awaiting Response","1","0-5 days","None","Broker/Agent","Follow up with broker on quote decision","2027-08-16","10","Low","Routine - no single dominant factor"
"CPU-210111","Prairie Bend Business Park","Warehouse & Distribution","Masonry Non-Combustible","4","Yes","48","$1M-$5M","Standard","Low","Zone X - Minimal","West","Renewal","T. Novak","N. Osei","2026-08-08","2026-08-25","","Quoted - Awaiting Response","9","6-10 days","Updated appraisal/valuation needed","Client","Request current replacement-cost valuation","2026-08-29","45","Medium","Target issuance date approaching"
"CPU-210112","Crestline Industries","Warehouse & Distribution","Joisted Masonry","3","Yes","70","$10M-$25M","Standard","High","Zone X - Minimal","West","Renewal","D. Whitfield","H. Buckley","2026-07-09","2026-08-11","","Issuance In Progress","39","30+ days","None","Underwriting Assistant","Finalize issuance paperwork","2026-09-30","68","High","Overdue vs. target issuance date"
"CPU-210113","Ironwood Fabrication","Office","Masonry Non-Combustible","7","Yes","16","$25M-$50M","Notable","Low","Zone X - Minimal","West","Renewal","L. Marquez","A. Lindqvist","2026-07-23","2026-09-03","","Issuance In Progress","25","16-30 days","None","Underwriting Assistant","Finalize issuance paperwork","2026-09-13","30","Low","Aged 16-30 days outstanding"
"CPU-210114","Ironwood Freight Terminal","Warehouse & Distribution","Non-Combustible","6","Partial","80","$10M-$25M","Standard","Low","Zone X - Minimal","West","Renewal","M. Chen","A. Lindqvist","2026-07-25","2026-08-09","2026-08-11","Issued","17","16-30 days","None","None","None - closed","2026-10-10","0","N/A","Closed"
"CPU-210115","Ironwood Retail Center","Warehouse & Distribution","Non-Combustible","5","No","48","$10M-$25M","Standard","Moderate","Zone VE - Coastal High-Risk","West","New Business","D. Whitfield","H. Buckley","2026-08-13","2026-09-19","","Issuance In Progress","4","0-5 days","None","Underwriting Assistant","Finalize issuance paperwork","2027-08-13","8","Low","Routine - no single dominant factor"
"CPU-210116","Crestline Plaza","Office","Joisted Masonry","3","No","7","$100M+","Significant","Moderate","Zone X - Minimal","Southeast","New Business","R. Okafor","N. Osei","2026-08-14","2026-09-27","","Issuance In Progress","3","0-5 days","None","Underwriting Assistant","Finalize issuance paperwork","2027-08-14","8","Low","Routine - no single dominant factor"
"CPU-210117","Silver Creek Logistics Center","Restaurant/Hospitality","Frame","10","Partial","36","$5M-$10M","Standard","Moderate","Zone VE - Coastal High-Risk","South Central","Renewal","S. Patel","C. Feldman","2026-07-21","2026-08-18","2026-08-16","Issued","26","16-30 days","None","None","None - closed","2026-10-03","0","N/A","Closed"
"CPU-210118","Redwood Plaza","Warehouse & Distribution","Joisted Masonry","1","Yes","8","$5M-$10M","Standard","High","Zone AE - High-Risk","South Central","Renewal","K. Sorensen","B. Ruiz","2026-07-14","2026-08-08","2026-08-15","Issued","32","30+ days","None","None","None - closed","2026-08-10","0","N/A","Closed"
"CPU-210119","Silver Creek Cold Storage","Restaurant/Hospitality","Non-Combustible","3","Yes","42","$1M-$5M","Standard","Low","Zone X - Minimal","South Central","Renewal","J. Alvarez","B. Ruiz","2026-07-22","2026-08-12","2026-08-12","Cancelled/Declined","21","16-30 days","None","None","None - closed","2026-09-21","0","N/A","Closed"
"CPU-210120","Silver Creek Retail Center","Retail/Mercantile","Joisted Masonry","7","Yes","53","$5M-$10M","Standard","Low","Zone X - Minimal","West","New Business","K. Sorensen","C. Feldman","2026-07-16","2026-08-07","","Issuance In Progress","32","30+ days","Payment / down payment pending","Client","Follow up on down payment to release policy","2027-07-16","76","High","Overdue vs. target issuance date"
"CPU-210121","Lakeshore Distribution Group","Habitational (Multifamily)","Non-Combustible","3","No","43","$5M-$10M","Standard","Low","Zone AE - High-Risk","Northeast","New Business","K. Sorensen","C. Feldman","2026-08-06","2026-08-30","","In Underwriting Review","11","11-15 days","None","Underwriter","Complete risk assessment and pricing","2027-08-06","42","Medium","Target issuance date approaching"
"CPU-210122","Oakhollow Self Storage","Self-Storage","Joisted Masonry","6","No","18","$1M-$5M","Standard","Low","Zone X - Minimal","Midwest","Endorsement","J. Alvarez","H. Buckley","2026-07-11","2026-08-17","2026-08-16","Cancelled/Declined","36","30+ days","None","None","None - closed","2027-07-11","0","N/A","Closed"
"CPU-210123","Amber Valley Packaging Co.","Habitational (Multifamily)","Modified Fire-Resistive","3","Yes","74","$1M-$5M","Standard","Low","Zone X - Minimal","Midwest","New Business","J. Alvarez","N. Osei","2026-08-08","2026-09-05","","Issuance In Progress","9","6-10 days","Payment / down payment pending","Client","Follow up on down payment to release policy","2027-08-08","24","Low","Routine - no single dominant factor"
"CPU-210124","Lakeshore Retail Center","Warehouse & Distribution","Frame","4","Yes","34","$1M-$5M","Standard","Low","Zone X - Minimal","West","Renewal","S. Patel","P. Trang","2026-07-04","2026-07-20","2026-07-25","Issued","21","16-30 days","None","None","None - closed","2026-09-04","0","N/A","Closed"
"CPU-210125","Stonebridge Logistics Center","Office","Frame","4","Yes","59","$25M-$50M","Notable","Low","Zone X - Minimal","Northeast","Renewal","K. Sorensen","A. Lindqvist","2026-07-15","2026-08-18","","Issuance In Progress","33","30+ days","None","Underwriting Assistant","Finalize issuance paperwork","2026-09-13","60","Medium","Target issuance date due within 5 days"
"CPU-210126","Copperfield Retail Center","Self-Storage","Joisted Masonry","4","No","43","$25M-$50M","Notable","Low","Zone A - Moderate","Northeast","New Business","T. Novak","B. Ruiz","2026-08-10","2026-09-17","2026-08-16","Issued","6","6-10 days","None","None","None - closed","2027-08-10","0","N/A","Closed"
"CPU-210127","Cedarpoint Manufacturing","Manufacturing/Industrial","Joisted Masonry","3","Yes","80","$100M+","Significant","Low","Zone X - Minimal","Southeast","Renewal","S. Patel","N. Osei","2026-07-29","2026-08-28","","Issuance In Progress","19","16-30 days","Updated appraisal/valuation needed","Client","Request current replacement-cost valuation","2026-10-04","59","Medium","Aged 16-30 days outstanding"
"CPU-210128","Cascade Fabrication","Manufacturing/Industrial","Frame","6","Yes","51","$25M-$50M","Notable","Low","Zone X - Minimal","Midwest","Renewal","M. Chen","B. Ruiz","2026-07-11","2026-08-14","","Submitted - Awaiting Review","37","30+ days","None","Underwriter","Assign for initial underwriting review","2026-09-19","75","High","Overdue vs. target issuance date"
"CPU-210129","Amber Valley Fabrication","Manufacturing/Industrial","Non-Combustible","3","Yes","47","$1M-$5M","Standard","Moderate","Zone X - Minimal","Midwest","Renewal","M. Chen","A. Lindqvist","2026-07-27","2026-08-12","","In Underwriting Review","21","16-30 days","Statement of Values (SOV) incomplete","Broker/Agent","Request updated Statement of Values from broker","2026-09-21","87","High","Overdue vs. target issuance date"
"CPU-210130","Union Grove Apartments","Warehouse & Distribution","Joisted Masonry","1","Partial","18","$1M-$5M","Standard","Moderate","Zone X - Minimal","South Central","Renewal","S. Patel","H. Buckley","2026-07-20","2026-08-03","","Quoted - Awaiting Response","28","16-30 days","None","Broker/Agent","Follow up with broker on quote decision","2026-10-13","62","Medium","Overdue vs. target issuance date"
"CPU-210131","Silver Creek Properties","Manufacturing/Industrial","Non-Combustible","6","Partial","45","$1M-$5M","Standard","Moderate","Zone A - Moderate","Southeast","Renewal","K. Sorensen","B. Ruiz","2026-07-28","2026-09-02","","In Underwriting Review","20","16-30 days","None","Underwriter","Complete risk assessment and pricing","2026-10-09","37","Medium","Aged 16-30 days outstanding"
"CPU-210132","Summit Logistics Center","Self-Storage","Modified Fire-Resistive","3","No","7","$50M-$100M","Significant","Low","Zone X - Minimal","West","New Business","J. Alvarez","N. Osei","2026-07-15","2026-08-18","","Bound - Pending Issuance","33","30+ days","None","Underwriting Assistant","Route to issuance / complete policy documents","2027-07-15","60","Medium","Target issuance date due within 5 days"
"CPU-210133","Cascade Plastics Inc.","Warehouse & Distribution","Frame","3","Yes","16","$10M-$25M","Standard","Low","Zone A - Moderate","West","Renewal","J. Alvarez","A. Lindqvist","2026-08-11","2026-09-14","2026-08-16","Issued","5","0-5 days","None","None","None - closed","2026-09-28","0","N/A","Closed"
"CPU-210134","Timberline Distribution Group","Retail/Mercantile","Masonry Non-Combustible","10","Partial","5","$10M-$25M","Standard","Low","Zone X - Minimal","Southeast","Renewal","D. Whitfield","A. Lindqvist","2026-07-17","2026-08-28","2026-08-16","Issued","30","16-30 days","None","None","None - closed","2026-09-13","0","N/A","Closed"
"CPU-210135","Timberline Plastics Inc.","Warehouse & Distribution","Modified Fire-Resistive","10","Yes","7","$100M+","Significant","High","Zone X - Minimal","Southeast","Renewal","D. Whitfield","A. Lindqvist","2026-08-02","2026-09-07","2026-08-16","Issued","14","11-15 days","None","None","None - closed","2026-09-07","0","N/A","Closed"
"CPU-210136","Amber Valley Hospitality Group","Office","Joisted Masonry","7","Yes","36","$1M-$5M","Standard","Low","Zone A - Moderate","Midwest","New Business","T. Novak","A. Lindqvist","2026-07-12","2026-08-16","","In Underwriting Review","36","30+ days","None","Underwriter","Complete risk assessment and pricing","2027-07-12","75","High","Overdue vs. target issuance date"
"CPU-210137","Amber Valley Business Park","Warehouse & Distribution","Masonry Non-Combustible","4","No","60","$10M-$25M","Standard","High","Zone A - Moderate","West","Renewal","L. Marquez","P. Trang","2026-07-05","2026-08-13","","Issuance In Progress","43","30+ days","4-Point inspection required (roof/HVAC/electrical/plumbing)","Loss Control/Inspector","Order 4-point inspection; hold for results before binding","2026-08-16","95","High","Overdue vs. target issuance date"
"CPU-210138","Meridian Apartments","Self-Storage","Non-Combustible","3","No","34","$1M-$5M","Standard","Low","Zone X - Minimal","South Central","Renewal","K. Sorensen","P. Trang","2026-07-11","2026-08-03","2026-08-08","Cancelled/Declined","28","16-30 days","None","None","None - closed","2026-09-30","0","N/A","Closed"
"CPU-210139","Timberline Cold Storage","Office","Joisted Masonry","10","No","19","$50M-$100M","Significant","Low","Zone X - Minimal","Northeast","Renewal","T. Novak","B. Ruiz","2026-07-09","2026-08-22","","In Underwriting Review","39","30+ days","None","Underwriter","Complete risk assessment and pricing","2026-08-11","67","High","Target issuance date due within 5 days"
"CPU-210140","Amber Valley Retail Center","Self-Storage","Masonry Non-Combustible","6","Yes","12","$25M-$50M","Notable","Low","Zone X - Minimal","West","Renewal","R. Okafor","H. Buckley","2026-07-28","2026-08-17","","In Underwriting Review","20","16-30 days","Broker confirmation of sprinkler/protective safeguards","Broker/Agent","Confirm protective safeguards with broker before binding","2026-09-16","69","High","Target issuance date due within 5 days"
"CPU-210141","Timberline Logistics Center","Habitational (Multifamily)","Masonry Non-Combustible","7","No","48","$5M-$10M","Standard","Low","Zone X - Minimal","South Central","Renewal","K. Sorensen","A. Lindqvist","2026-07-12","2026-08-03","","Issuance In Progress","36","30+ days","Signed application pending","Broker/Agent","Follow up with broker for signed application","2026-08-07","85","High","Overdue vs. target issuance date"
"CPU-210142","Union Grove Logistics Center","Manufacturing/Industrial","Joisted Masonry","9","Yes","33","$1M-$5M","Standard","Moderate","Zone X - Minimal","South Central","New Business","L. Marquez","N. Osei","2026-07-17","2026-08-02","2026-08-05","Issued","19","16-30 days","None","None","None - closed","2027-07-17","0","N/A","Closed"
"CPU-210143","Summit Cold Storage","Manufacturing/Industrial","Modified Fire-Resistive","6","Yes","28","$5M-$10M","Standard","Low","Zone X - Minimal","West","Renewal","M. Chen","C. Feldman","2026-07-11","2026-07-27","","Issuance In Progress","37","30+ days","None","Underwriting Assistant","Finalize issuance paperwork","2026-08-31","68","High","Overdue vs. target issuance date"
"CPU-210144","Crestline Business Park","Warehouse & Distribution","Frame","2","Partial","4","$5M-$10M","Standard","Low","Zone X - Minimal","Midwest","Renewal","R. Okafor","N. Osei","2026-08-13","2026-09-25","2026-08-16","Cancelled/Declined","3","0-5 days","None","None","None - closed","2026-09-18","0","N/A","Closed"
"CPU-210145","Meridian Fabrication","Warehouse & Distribution","Frame","8","Yes","42","$50M-$100M","Significant","High","Zone VE - Coastal High-Risk","South Central","Renewal","K. Sorensen","N. Osei","2026-07-12","2026-07-30","2026-08-07","Issued","26","16-30 days","None","None","None - closed","2026-09-02","0","N/A","Closed"
